Component	Strokes	CompositionType	LeftComponent	LeftStrokes	RightComponent	RightStrokes	Signature	Notes	Section
一	1	一	一	1	*	0	M	/	*
丁	2	吕	一	1	亅	1	MN	/	一
丂	2	一	丂	2	*	0	MVS	/	一
七	2	一	七	2	*	0	JU	/	一
丄	2	一	丄	2	*	0	LM	/	一
丅	2	一	丅	2	*	0	ML	/	一
丆	2	吕	一	2	丿	0	MH	/	一
万	3	一	万	3	*	0	MS	/	一
丈	3	一	丈	3	*	0	JK	/	一
三	3	回	二	2	一	1	MMM	/	一
上	3	一	上	3	*	0	YM	/	一
下	3	吕	一	1	卜	2	MY	/	一
丌	3	一	丌	3	*	0	ML	/	一
不	4	一	不	4	*	0	MF	/	一
与	4	一	与	4	*	0	YSM	/	一
丏	4	一	丏	4	*	0	MLVS	/	一
丐	4	一	丐	4	*	0	MYVS	/	一
丑	4	一	丑	4	*	0	NG	/	一
丒	4	吕	刃	3	一	1	SKM	/	一
专	4	一	专	4	*	0	QNI	/	一
且	5	一	且	5	*	0	BM	/	一
丕	5	吕	不	4	一	1	MFM	/	一
世	4	一	世	4	*	0	PT	/	一
丗	4	一	丗	4	*	0	TJ	/	一
丘	5	一	丘	5	*	0	OM	/	一
丙	5	吕	一	1	内	4	MOB	/	一
业	5	一	业	5	*	0	TC	/	一
丛	5	咒	人	2	一	1	OOM	/	一
东	5	一	东	5	*	0	KD	/	一
丝	5	一	丝	5	*	0	VVM	/	一
丞	6	吕	氶	5	一	1	NEM	/	一
丟	6	吕	王	4	厶	2	MGI	/	一
丠	6	吕	北	5	一	1	LPM	/	一
両	6	一	両	6	*	0	MUB	/	一
丢	6	吕	壬	4	厶	2	HGI	/	一
丣	7	一	丣	7	*	0	MLLS	/	一
两	7	一	两	7	*	0	MOOB	/	一
严	7	一	严	7	*	0	MTCH	/	一
並	8	吕	丷	2	亚	6	TTC	/	一
丧	8	一	丧	8	*	0	GCV	/	一
丨	1	一	丨	1	*	0	L	/	*
丩	2	吅	丨	1	*	1	VL	/	丨
个	3	吕	人	2	丨	1	OL	/	丨
丫	3	一	丫	3	*	0	CL	/	丨
丬	3	吅	冫	2	丨	1	LIM	/	丨
中	4	+	口	3	丨	1	L	/	丨
丮	4	吕	乁	1	㐄	3	NQ	/*	丨
丯	4	+	彡	3	丨	1	QJ	/	丨
丰	4	一	丰	4	*	0	QJ	/	丨
丱	5	一	丱	5	*	0	VLLLM	/	丨
串	7	+	吕	6	丨	1	LL	/	丨
丳	8	+	串	6	丿	2	LLWW	/	丨
临	9	吅	丩	2	2丶4	7	LLOA	/?	丨
丵	10	吕	业	5	𢆉	5	TCTJ	/	丨
丶	1	一	丶	1	*	0	I	/	*
丷	2	一	丷	2	*	0	IH	/	丶
丸	3	+	九	2	丶	1	KNI	/	丶
丹	4	一	丹	4	*	0	BY	/	丶
为	4	+	力	2	丷	2	IKSI	/	丶
主	5	+	丶	1	王	4	YG	/	丶
丼	5	+	井	4	丶	1	TTI	/	丶
丽	7	吕	一	1	卪卪	6	MBIB	/?	丶
举	9	吕	兴	6	㐄	3	FCQ	/*	丶
丿	1	一	丿	1	*	0	H	/	*
乀	1	一	乀	1	*	0	MO	/	丿
乁	1	一	乁	1	*	0	MO	/	丿
乂	2	一	乂	2	*	0	K	/	丿
乃	2	一	乃	2	*	0	NHS	/	丿
乄	2	一	乄	2	*	0	KU	/	丿
久	3	一	久	3	*	0	NO	/	丿
乆	3	一	乆	3	*	0	VO	/	丿
乇	3	吕	丿	1	七	2	HP	/	丿
么	3	吕	丿	1	厶	2	HI	/	丿
义	3	+	乂	2	丶	1	IK	/	丿
乊	3	吕	丿	1	丷	2	HC	/	丿
之	3	一	之	3	*	0	INO	/	丿
乌	4	一	乌	4	*	0	PVSM	/	丿
乍	5	一	乍	5	*	0	OS	/	丿
乎	5	一	乎	5	*	0	HFD	/	丿
乏	4	吕	丿	1	之	3	HINO	/	丿
乐	5	一	乐	5	*	0	HVD	/	丿
乑	6	一	乑	6	*	0	OHHO	/	丿
乒	6	+	丘	5	丿	1	OMH	/	丿
乓	6	+	丘	5	丶	1	OMI	/	丿
乔	6	吕	丿	1	夰	5	HKLL	/	丿
乕	7	吕	厈	5	卩	2	HQB	?/?	丿
乖	8	+	千	3	北	5	HJLP	/	丿
乗	9	+	禾	5	廿	4	HDT	/*	丿
乘	10	+	禾	5	北	5	HDLP	/	丿
乙	1	一	乙	1	*	0	NU	/	*
乚	1	一	乚	1	*	0	LU	/	乙
乛	1	一	乛	1	*	0	MH	/	乙
乜	2	一	乜	2	*	0	PS	/	乙
九	2	一	九	2	*	0	KN	/	乙
乞	3	吕	𠂉	2	乙	1	ON	?/	乙
也	3	+	乜	2	丨	1	PD	/	乙
习	3	一	习	3	*	0	SIM	/	乙
乡	3	一	乡	3	*	0	VVH	/	乙
乢	4	吅	山	3	乚	1	UU	/	乙
乣	4	吅	幺	3	乚	1	VIU	/	乙
乤	4	吕	下	3	乙	1	MYN	/	乙
乥	4	吕	乊	3	乙	1	HCN	/	乙
书	4	一	书	4	*	0	IDS	/	乙
乧	5	吕	斗	4	乙	1	YJN	/	乙
乨	6	吅	台	5	乚	1	IRU	/	乙
乩	6	吅	占	5	乚	1	YRU	/	乙
乪	6	吅	乙	1	田	5	NW	/	乙
乫	6	吕	加	5	乙	1	KRN	/	乙
乬	5	吕	巨	4	乙	1	SSN	/	乙
乭	6	吕	石	5	乙	1	MRN	/	乙
乮	6	吕	卯	5	乙	1	HLN	/	乙
乯	6	吕	乎	5	乙	1	HFDN	/	乙
买	6	吕	乛	1	头	5	NYK	/	乙
乱	7	吅	舌	6	乚	1	HRU	/	乙
乲	7	吕	次	6	乙	1	ION	/	乙
乳	8	吅	孚	7	乚	1	BDU	/	乙
乴	8	吕	折	7	乙	1	QLN	/	乙
乵	8	吅	辛	7	乚	1	YJU	/	乙
乶	8	吕	甫	7	乙	1	IBN	/	乙
乷	8	吕	沙	7	乙	1	EHN	/	乙
乸	8	吅	也	3	母	5	PDWYI	/	乙
乹	9	吅	𠦝	8	乚	1	JJU	?/	乙
乺	9	吕	所	8	乙	1	HLN	/	乙
乻	9	吕	於	8	乙	1	YYN	/	乙
乼	9	吕	注	8	乙	1	EGN	/	乙
乽	9	吕	者	8	乙	1	JAN	/	乙
乾	10	吅	車	7	乞	3	JJON	/	乙
乿	11	吅	爫糸	10	乚	1	BFU	?/	乙
亀	11	一	亀	11	*	0	NWLU	/	乙
亁	12	吅	十日干	9	乞	3	JJON	?/	乙
亂	13	吅	𤔔	12	乚	1	BBU	/	乙
亃	13	吅	粦	12	乚	1	FQU	/	乙
亄	13	吅	壹	12	乚	1	GTU	/	乙
亅	1	一	亅	1	*	0	LI	/	*
了	2	一	了	2	*	0	NN	/	亅
亇	3	吕	人*	2	亅	1	ON	?/	亅
予	4	吕	龴	2	丁	2	NINN	/	亅
争	6	吕	𠂊	2	肀	4	NSD	?/	亅
亊	7	+	丁丷	3	肀	4	JFLN	?/?	亅
事	8	一	事	8	*	0	JLLN	/	亅
二	2	一	二	2	*	0	MM	/	*
亍	3	吕	二	2	亅	1	MMN	/	二
于	3	+	二	2	亅	1	MD	/	二
亏	3	吕	一	1	丂	2	MMVS	/	二
亐	3	一	亐	3	*	0	MKS	/	二
云	4	吕	二	2	厶	2	MMI	/	二
互	4	吕	一	1	彑	3	MVNM	/	二
亓	4	吕	二	2	儿*	2	MML	/?	二
五	4	一	五	4	*	0	MDM	/	二
井	4	一	井	4	*	0	TT	/	二
亖	4	吕	二	2	*	2	MMMM	/	二
亗	5	吕	山	3	二	2	UMM	/	二
亘	6	回	二	2	日	4	MAM	/	二
亙	6	回	二	2	匀	4	MBM	/	二
亚	6	一	亚	6	*	0	MTC	/	二
些	8	吕	此	6	二	2	YPMM	/	二
亜	7	一	亜	7	*	0	MLLM	/	二
亝	8	吕	厽	6	二	2	IIIM	/	二
亞	8	一	亞	8	*	0	MLLM	/	二
亟	8	回	二	2	口勹 又	6	NEM	/?	二
亠	2	一	亠	2	*	0	IM	/	*
亡	3	+	亠	2	乚	1	YV	/	亠
亢	4	吕	亠	2	几	2	YHN	/	亠
亣	4	吕	亠	2	儿*	2	YLL	/?	亠
交	6	吕	亠	2	父	4	YCK	/	亠
亥	6	吕	亠	2	?人	4	YVHO	/?	亠
亦	6	一	亦	6	*	0	YLNC	/	亠
产	6	吕	六	4	厂	2	YTH	*/	亠
亨	7	吕	亠口	5	了	2	YRNN	?/	亠
亩	7	吕	亠	2	田	5	YW	/	亠
亪	7	吕	亦	6	乁	1	YCMO	/	亠
享	8	吕	亠口	5	子	3	YRND	?/	亠
京	8	吕	亠口	5	小	3	YRF	?/	亠
亭	9	冖	亠口	5	丁	2	YRBN	?/	亠
亮	9	冖	亠口	5	儿	2	YRBU	?/	亠
亯	9	吕	亠口	5	日	4	YRA	?/	亠
亰	9	吕	亠	2	𣌢	7	YAF	/	亠
亱	9	吕	亠	2	但	7	YOAM	/	亠
亲	9	吕	立	5	朩	4	YTD	/	亠
亳	10	冖	亠口	5	乇	3	YRBP	?/	亠
亴	12	冖	亠口	5	土九	5	YRBN	?/?	亠
亵	12	回	衣	6	执	6	YQIV	/	亠
亶	13	吕	㐭	8	旦	5	YWRM	/	亠
亷	13	吕	产	6	兼*	7	YHXC	/?	亠
亸	16	吅	享	8	单	8	YDCWJ	/	亠
亹	21	吕	亠	2	舋	19	YHBM	/	亠
人	2	一	人	2	*	0	O	/	*
亻	2	一	人	2	*	0	HL	/	人
亼	3	吕	人	2	一	1	OM	/	人
亽	3	吕	人	2	丶	1	OI	/	人
亾	3	吅	𠃊	1	人	2	OV	?/	人
亿	3	吅	亻	2	乙	1	ON	/	人
什	4	吅	亻	2	十	2	OJ	/	人
仁	4	吅	亻	2	二	2	OMM	/	人
仂	4	吅	亻	2	力	2	OKS	/	人
仃	4	吅	亻	2	丁	2	OMN	/	人
仄	4	吕	厂	2	人	2	MO	/	人
仅	4	吅	亻	2	又	2	OE	/	人
仆	4	吅	亻	2	卜	2	OY	/	人
仇	4	吅	亻	2	九	2	OKN	/	人
仈	4	吅	亻	2	八	2	OC	/	人
仉	4	吅	亻	2	几	2	OHN	/	人
今	4	吕	亼	3	㇇	1	OIN	/	人
介	4	吕	人	2	儿*	2	OLL	/?	人
仌	4	吕	人	2	*	2	OO	/	人
仍	4	吅	亻	2	乃	2	ONHS	/	人
从	4	吅	人	2	*	2	OO	/	人
仏	4	吅	亻	2	厶	2	OI	/	人
仐	4	吕	人	2	十	2	OJ	/	人
仑	4	吕	人	2	匕	2	OP	/	人
仒	4	吕	人	2	冫	2	OY	/	人
仓	4	吕	人	2	㔾	2	OSU	/	人
仔	5	吅	亻	2	子	3	OND	/	人
仕	5	吅	亻	2	士	3	OG	/	人
他	5	吅	亻	2	也	3	OPD	/	人
仗	5	吅	亻	2	丈	3	OJK	/	人
付	5	吅	亻	2	寸	3	ODI	/	人
仙	5	吅	亻	2	山	3	OU	/	人
仚	5	吕	人	2	山	3	OU	/	人
仛	5	吅	亻	2	乇	3	OHP	/	人
仜	5	吅	亻	2	工	3	OM	/	人
仝	5	吕	人	2	工	3	OM	/	人
仞	5	吅	亻	2	刃	3	OSHI	/	人
仟	5	吅	亻	2	千	3	OHJ	/	人
仠	5	吅	亻	2	干	3	OMJ	/	人
仡	5	吅	亻	2	乞	3	OON	/	人
仢	5	吅	亻	2	勺	3	OPI	/	人
代	5	吅	亻	2	弋	3	OIP	/	人
令	5	吕	亼	3	龴	2	OINI	/	人
以	5	吅	厶	2	人	2	VIO	*/	人
仦	5	吅	亻	2	小	3	OF	/	人
仧	5	吕	上	3	人	2	YMO	/	人
仨	5	吅	亻	2	三	3	OMMM	/	人
仩	5	吅	亻	2	上	3	OYM	/	人
仪	5	吅	亻	2	义	3	OIK	/	人
仫	5	吅	亻	2	么	3	OHI	/	人
们	5	吅	亻	2	门	3	OLS	/	人
仭	5	吅	亻	2	刄	3	OSK	/	人
仮	6	吅	亻	2	反	4	OHE	/	人
仯	6	吅	亻	2	少	4	OFH	/	人
仰	6	吅	亻	2	卬	4	OHVL	/	人
仱	6	吅	亻	2	今	4	OOIN	/	人
仲	6	吅	亻	2	中	4	OL	/	人
仳	6	吅	亻	2	比	4	OPP	/	人
仴	6	吅	亻	2	月	4	OB	/	人
仵	6	吅	亻	2	午	4	OOJ	/	人
件	6	吅	亻	2	牛	4	OHQ	/	人
价	6	吅	亻	2	介	4	OOLL	/	人
仸	6	吅	亻	2	夭	4	OHK	/	人
仹	6	吅	亻	2	丰	4	OQJ	/	人
仺	5	吕	人	2	匚一	3	OSM	/?	人
任	6	吅	亻	2	壬	4	OHG	/	人
仼	6	吅	亻	2	王	4	OMG	/	人
份	6	吅	亻	2	分	4	OCSH	/	人
仾	6	吅	亻	2	互	4	OMVM	/	人
仿	6	吅	亻	2	方	4	OYHS	/	人
伀	6	吅	亻	2	公	4	OCI	/	人
企	6	吕	人	2	止	4	OYLM	/	人
伂	6	吅	亻	2	巿	4	OJB	/	人
伃	6	吅	亻	2	予	4	ONIN	/	人
伄	6	吅	亻	2	弔	4	ONL	/	人
伅	6	吅	亻	2	屯	4	OPU	/	人
伆	6	吅	亻	2	勿	4	OPHH	/	人
伇	6	吅	亻	2	殳	4	OHNE	/	人
伈	6	吅	亻	2	心	4	OP	/	人
伉	6	吅	亻	2	亢	4	OYHN	/	人
伊	6	吅	亻	2	尹	4	OSK	/	人
伋	5	吅	亻	2	及	3	ONHE	/	人
伌	6	吅	亻	2	厄	4	OMSU	/	人
伍	6	吅	亻	2	五	4	OMDM	/	人
伎	6	吅	亻	2	支	4	OJE	/	人
伏	6	吅	亻	2	犬	4	OIK	/	人
伐	6	吅	亻	2	戈	4	OI	/	人
休	6	吅	亻	2	木	4	OD	/	人
伒	6	吅	亻	2	斤	4	OHML	/	人
伓	6	吅	亻	2	不	4	OMF	/	人
伔	6	吅	亻	2	冗	4	OBHU	/	人
伕	6	吅	亻	2	夫	4	OQO	/	人
伖	6	吅	亻	2	友	4	OKE	/	人
众	6	品	人	2	*	4	OOO	/	人
优	6	吅	亻	2	尤	4	OIKU	/	人
伙	6	吅	亻	2	火	4	OF	/	人
会	6	吕	亼	3	𠫔	3	OMMI	/	人
伛	6	吅	亻	2	区	4	OSK	/	人
伜	6	吅	亻	2	卆	4	OKNJ	/	人
伝	6	吅	亻	2	云	4	OMMI	/	人
伞	6	吕	人	2	丷十	4	OFJ	/?	人
伟	6	吅	亻	2	韦	4	OQS	/	人
传	6	吅	亻	2	专	4	OQNI	/	人
伡	6	吅	亻	2	车	4	OKQ	/	人
伢	6	吅	亻	2	牙	4	OMVH	/	人
伣	6	吅	亻	2	见	4	OBHU	/	人
伤	6	回	𠆧	4	力	2	OOKS	/	人
伥	6	吅	亻	2	长	4	OPO	/	人
伦	6	吅	亻	2	仑	4	OOP	/	人
伧	6	吅	亻	2	仓	4	OOSU	/	人
伨	6	吅	亻	2	匀	4	OPIM	/	人
伩	6	吅	亻	2	文	4	OYK	/	人
伪	6	吅	亻	2	为	4	OIKS	/	人
伫	6	吅	亻	2	㝉	4	OJM	/	人
伬	6	吅	亻	2	尺	4	OSO	/	人
伭	7	吅	亻	2	玄	5	OYVI	/	人
伮	7	吅	亻	2	奴	5	OVE	/	人
伯	7	吅	亻	2	白	5	OHA	/	人
估	7	吅	亻	2	古	5	OJR	/	人
伱	7	吅	亻	2	尒	5	OOF	/	人
伲	7	吅	亻	2	尼	5	OSP	/	人
伳	6	吅	亻	2	世	4	OPT	/	人
伴	7	吅	亻	2	半	5	OFQ	/	人
伵	7	吅	亻	2	四	5	OWC	/	人
伶	7	吅	亻	2	令	5	OOII	/	人
伷	7	吅	亻	2	由	5	OLW	/	人
伸	7	吅	亻	2	申	5	OLWL	/	人
伹	7	吅	亻	2	且	5	OBM	/	人
伺	7	吅	亻	2	司	5	OSMR	/	人
伻	7	吅	亻	2	平	5	OMFJ	/	人
似	7	吅	亻	2	以	5	OVIO	/	人
伽	7	吅	亻	2	加	5	OKSR	/	人
伾	7	吅	亻	2	丕	5	OMFM	/	人
伿	7	吅	亻	2	只	5	ORC	/	人
佀	7	吅	亻	2	㠯	5	ORLR	/	人
佁	7	吅	亻	2	台	5	OIR	/	人
佂	7	吅	亻	2	正	5	OMYM	/	人
佃	7	吅	亻	2	田	5	OW	/	人
佄	7	吅	亻	2	甘	5	OTM	/	人
佅	7	吅	亻	2	未	5	OJD	/	人
但	7	吅	亻	2	旦	5	OAM	/	人
佇	7	吅	亻	2	宁	5	OJMN	/	人
佈	7	吅	亻	2	布	5	OKLB	/	人
佉	7	吅	亻	2	去	5	OGI	/	人
佊	7	吅	亻	2	皮	5	ODHE	/	人
佋	7	吅	亻	2	召	5	OSHR	/	人
佌	8	吅	亻	2	此	6	OYMP	/	人
位	7	吅	亻	2	立	5	OYT	/	人
低	7	吅	亻	2	氐	5	OHVI	/	人
住	7	吅	亻	2	主	5	OYG	/	人
佐	7	吅	亻	2	左	5	OKM	/	人
佑	7	吅	亻	2	右	5	OKR	/	人
佒	7	吅	亻	2	央	5	OLBK	/	人
体	7	吅	亻	2	本	5	ODM	/	人
佔	7	吅	亻	2	占	5	OYR	/	人
何	7	吅	亻	2	可	5	OMNR	/	人
佖	7	吅	亻	2	必	5	OPH	/	人
佗	7	吅	亻	2	它	5	OJP	/	人
佘	7	吕	人	2	示	5	OMMF	/	人
余	7	吕	亼	3	朩	4	OMD	/	人
佚	7	吅	亻	2	失	5	OHQO	/	人
佛	7	吅	亻	2	弗	5	OLLN	/	人
作	7	吅	亻	2	乍	5	OOS	/	人
佝	7	吅	亻	2	句	5	OPR	/	人
佞	7	回	仁	4	女	3	OMMV	/	人
佟	7	吅	亻	2	冬	5	OHEY	/	人
你	7	吅	亻	2	尔	5	ONF	/	人
佡	7	吅	亻	2	仚	5	OOU	/	人
佢	6	吅	亻	2	巨	4	OSS	/	人
佣	7	吅	亻	2	用	5	OBQ	/	人
佤	7	吅	亻	2	瓦	5	OMVN	/	人
佥	7	吕	亼	3	小一	4	OMFM	/?	人
佦	7	吅	亻	2	石	5	OMR	/	人
佧	7	吅	亻	2	卡	5	OYMY	/	人
佨	7	吅	亻	2	包	5	OPRU	/	人
佩	8	吅	亻	2	凧	6	OHNB	/	人
佪	8	吅	亻	2	回	6	OWR	/	人
佫	8	吅	亻	2	各	6	OHER	/	人
佬	8	吅	亻	2	老	6	OJKP	/	人
佭	8	吅	亻	2	夅	6	OHEQ	/	人
佮	8	吅	亻	2	合	6	OOMR	/	人
佯	8	吅	亻	2	羊	6	OTQ	/	人
佰	8	吅	亻	2	百	6	OMA	/	人
佱	7	吕	亼	2	正	5	OMMM	/	人
佲	8	吅	亻	2	名	6	ONIR	/	人
佳	8	吅	亻	2	圭	6	OGG	/	人
佴	8	吅	亻	2	耳	6	OSJ	/	人
併	8	吅	亻	2	并	6	OTT	/	人
佶	8	吅	亻	2	吉	6	OGR	/	人
佷	8	吅	亻	2	艮	6	OAV	/	人
佸	8	吅	亻	2	舌	6	OHJR	/	人
佹	8	吅	亻	2	危	6	ONMU	/	人
佺	8	吅	亻	2	全	6	OOMG	/	人
佻	8	吅	亻	2	兆	6	OLMO	/	人
佼	8	吅	亻	2	交	6	OYCK	/	人
佽	8	吅	亻	2	次	6	OIMO	/	人
佾	8	吅	亻	2	䏌	6	OCB	/	人
使	8	吅	亻	2	吏	6	OJLK	/	人
侀	8	吅	亻	2	刑	6	OMTN	/	人
侁	8	吅	亻	2	先	6	OHGU	/	人
侂	8	吅	亻	2	㡯	6	OIHP	/	人
侃	8	吅	亻	2	口川	6	ORHU	/?	人
侄	8	吅	亻	2	至	6	OMIG	/	人
侅	8	吅	亻	2	亥	6	OYVO	/	人
來	8	+	木	4	从	4	DOO	/	人
侇	8	吅	亻	2	夷	6	OKN	/	人
侈	8	吅	亻	2	多	6	ONIN	/	人
侉	8	吅	亻	2	夸	6	OKMS	/	人
侊	8	吅	亻	2	光	6	OFMU	/	人
例	8	吅	亻	2	列	6	OMNN	/	人
侌	8	吕	今	4	云	4	OINI	/	人
侍	8	吅	亻	2	寺	6	OGDI	/	人
侎	8	吅	亻	2	米	6	OFD	/	人
侏	8	吅	亻	2	朱	6	OHJD	/	人
侐	8	吅	亻	2	血	6	OHBT	/	人
侑	8	吅	亻	2	有	6	OKB	/	人
侒	8	吅	亻	2	安	6	OJV	/	人
侓	8	吅	亻	2	聿	6	OLQ	/	人
侔	8	吅	亻	2	牟	6	OIHQ	/	人
侕	8	吅	亻	2	而	6	OMBL	/	人
侖	8	吕	亼	3	𠕁	5	OMBT	/	人
侗	8	吅	亻	2	同	6	OBMR	/	人
侘	8	吅	亻	2	宅	6	OJHP	/	人
侙	8	吅	亻	2	式	6	OIPM	/	人
侚	8	吅	亻	2	旬	6	OPA	/	人
供	8	吅	亻	2	共	6	OTC	/	人
侜	8	吅	亻	2	舟	6	OHBY	/	人
依	8	吅	亻	2	衣	6	OYHV	/	人
侞	8	吅	亻	2	如	6	OVR	/	人
侟	8	吅	亻	2	存	6	OKLD	/	人
侠	8	吅	亻	2	夹	6	OKT	/	人
価	8	吅	亻	2	覀	6	OMLW	/	人
侢	8	吅	亻	2	再	6	OMGB	/	人
侣	8	吅	亻	2	吕	6	ORR	/	人
侤	8	吅	亻	2	考	6	OJKS	/	人
侥	8	吅	亻	2	尧	6	OJPU	/	人
侦	8	吅	亻	2	贞	6	OYBO	/	人
侧	8	吅	亻	2	则	6	OBON	/	人
侨	8	吅	亻	2	乔	6	OHKL	/	人
侩	8	吅	亻	2	会	6	OOMI	/	人
侪	8	吅	亻	2	齐	6	OYKL	/	人
侫	8	吅	亻	2	妄	6	OYVV	/	人
侬	8	吅	亻	2	农	6	OHBV	/	人
侭	8	吅	亻	2	尽	6	OSOY	/	人
侮	9	吅	亻	2	每	7	OOWY	/	人
侯	9	吅	亻	2	2矢	7	ONMK	/?	人
侰	9	吅	亻	2	君	7	OSKR	/	人
侱	9	吅	亻	2	呈	7	ORHG	/	人
侲	9	吅	亻	2	辰	7	OMMV	/	人
侳	9	吅	亻	2	坐	7	OOOG	/	人
侴	9	吕	亼	3	丑刂	6	OMNN	/?	人
侵	9	吅	亻	2	𠬶	7	OSME	/	人
侶	9	吅	亻	2	呂	7	ORHR	/	人
侷	9	吅	亻	2	局	7	OSSR	/	人
侸	9	吅	亻	2	豆	7	OMRT	/	人
侹	9	吅	亻	2	廷	7	ONKG	/	人
侺	9	吅	亻	2	岑	7	OUON	/	人
侻	9	吅	亻	2	兌	7	OCRU	/	人
侼	9	吅	亻	2	孛	7	OJBD	/	人
侽	9	吅	亻	2	男	7	OWKS	/	人
侾	9	吅	亻	2	孝	7	OJKD	/	人
便	9	吅	亻	2	更	7	OMLK	/	人
俀	9	吅	亻	2	妥	7	OBV	/	人
俁	9	吅	亻	2	吳	7	ORVK	/	人
係	9	吅	亻	2	系	7	OHVF	/	人
促	9	吅	亻	2	足	7	ORYO	/	人
俄	9	吅	亻	2	我	7	OHQI	/	人
俅	9	吅	亻	2	求	7	OIJE	/	人
俆	9	吅	亻	2	余	7	OOMD	/	人
俇	9	吅	亻	2	狂	7	OKHG	/	人
俈	9	吅	亻	2	告	7	OHGR	/	人
俉	9	吅	亻	2	吾	7	OMMR	/	人
俊	9	吅	亻	2	夋	7	OICE	/	人
俋	9	吅	亻	2	邑	7	ORAU	/	人
俌	9	吅	亻	2	甫	7	OIJB	/	人
俍	9	吅	亻	2	良	7	OIAV	/	人
俎	9	吅	仌	4	且	5	OOBM	/	人
俏	9	吅	亻	2	肖	7	OFB	/	人
俐	9	吅	亻	2	利	7	OHDN	/	人
俑	9	吅	亻	2	甬	7	ONIB	/	人
俒	9	吅	亻	2	完	7	OJMU	/	人
俓	9	吅	亻	2	巠	7	OMVM	/	人
俔	9	吅	亻	2	見	7	OBUU	/	人
俕	9	吅	亻	2	宋	7	OJD	/	人
俖	9	吅	亻	2	否	7	OMFR	/	人
俗	9	吅	亻	2	谷	7	OCOR	/	人
俘	9	吅	亻	2	孚	7	OBND	/	人
俙	9	吅	亻	2	希	7	OKKB	/	人
俚	10	吅	亻	2	里	8	OWG	/	人
俛	9	吅	亻	2	免	7	ONAU	/	人
俜	9	吅	亻	2	甹	7	OLWS	/	人
保	9	吅	亻	2	呆	7	ORD	/	人
俞	9	吕	亼	3	刖	6	OMBN	/	人
俟	9	吅	亻	2	矣	7	OIOK	/	人
俠	10	吅	亻	2	夾	8	OKOO	/	人
信	9	吅	亻	2	言	7	OYMR	/	人
俢	9	吅	亻	2	㣊	7	OHEH	/	人
俣	9	吅	亻	2	吴	7	ORMK	/	人
俤	9	吅	亻	2	弟	7	OCNH	/	人
俥	9	吅	亻	2	車	7	OJWJ	/	人
俦	9	吅	亻	2	寿	7	OQKI	/	人
俧	9	吅	亻	2	志	7	OGP	/	人
俨	9	吅	亻	2	严	7	OMTH	/	人
俩	9	吅	亻	2	两	7	OMOB	/	人
俪	9	吅	亻	2	丽	7	OMBB	/	人
俫	9	吅	亻	2	来	7	ODT	/	人
俬	9	吅	亻	2	私	7	OHDI	/	人
俭	9	吅	亻	2	佥	7	OOMM	/	人
修	10	回	攸	7	彡	3	OLOH	?/	人
俯	10	吅	亻	2	府	8	OIOI	/	人
俰	10	吅	亻	2	和	8	OHDR	/	人
俱	10	吅	亻	2	具	8	OBMC	/	人
俲	10	吅	亻	2	効	8	OYKS	/	人
俳	10	吅	亻	2	非	8	OLMY	/	人
俴	10	吅	亻	2	戔	8	OII	/	人
俵	11	吅	亻	2	表	9	OQMV	/	人
俶	10	吅	亻	2	叔	8	OYFE	/	人
俷	10	吅	亻	2	肥	8	OBAU	/	人
俸	10	吅	亻	2	奉	8	OQKQ	/	人
俹	10	吅	亻	2	亞	8	OMLM	/	人
俺	10	吅	亻	2	奄	8	OKLU	/	人
俻	10	吅	亻	2	备	8	OHEW	/	人
俼	10	吅	亻	2	育	8	OYIB	/	人
俽	10	吅	亻	2	欣	8	OHLO	/	人
俾	10	吅	亻	2	卑	8	OHWJ	/	人
俿	10	吅	亻	2	虎	8	OYPN	/	人
倀	10	吅	亻	2	長	8	OSMV	/	人
倁	10	吅	亻	2	知	8	OOKR	/	人
倂	10	吅	亻	2	幷	8	OYJJ	/	人
倃	10	吅	亻	2	咎	8	OHOR	/	人
倄	10	吅	亻	2	肴	8	OKKB	/	人
倅	10	吅	亻	2	卒	8	OYOJ	/	人
倆	10	吅	亻	2	兩	8	OMLB	/	人
倇	10	吅	亻	2	宛	8	OJNU	/	人
倈	10	吅	亻	2	來	8	ODOO	/	人
倉	10	吕	食	7	囗	3	OIAR	?/?	人
倊	10	吅	亻	2	忩	8	OCIP	/	人
個	10	吅	亻	2	固	8	OWJR	/	人
倌	10	吅	亻	2	官	8	OJRR	/	人
倍	10	吅	亻	2	咅	8	OYTR	/	人
倎	10	吅	亻	2	典	8	OTBC	/	人
倏	11	回	攸	7	犬	4	OLOK	/	人
倐	10	回	攸	6	火	4	OLHF	/	人
們	10	吅	亻	2	門	8	OAN	/	人
倒	10	吅	亻	2	到	8	OMGN	/	人
倓	10	吅	亻	2	炎	8	OFF	/	人
倔	10	吅	亻	2	屈	8	OSUU	/	人
倕	10	吅	亻	2	垂	8	OHJM	/	人
倖	10	吅	亻	2	幸	8	OGTJ	/	人
倗	10	吅	亻	2	朋	8	OBB	/	人
倘	10	吅	亻	2	尚	8	OFBR	/	人
候	10	吅	亻	2	侯	8	OLNK	/*	人
倚	10	吅	亻	2	奇	8	OKMR	/	人
倛	10	吅	亻	2	其	8	OTMC	/	人
倜	10	吅	亻	2	周	8	OBGR	/	人
倝	10	吅	𠦝	8	人	2	JJO	?/	人
倞	10	吅	亻	2	京	8	OYRF	/	人
借	10	吅	亻	2	昔	8	OTA	/	人
倠	10	吅	亻	2	隹	8	OOG	/	人
倡	10	吅	亻	2	昌	8	OAA	/	人
倢	10	吅	亻	2	疌	8	OJLO	/	人
倣	10	吅	亻	2	放	8	OYSK	/	人
値	10	吅	亻	2	直	8	OJBV	/	人
倥	10	吅	亻	2	空	8	OJCM	/	人
倦	10	吅	亻	2	卷	8	OFQU	/	人
倧	10	吅	亻	2	宗	8	OJMF	/	人
倨	10	吅	亻	2	居	8	OSJR	/	人
倩	10	吅	亻	2	靑	8	OQMB	/	人
倪	10	吅	亻	2	兒	8	OHXU	/	人
倫	10	吅	亻	2	侖	8	OOMB	/	人
倬	10	吅	亻	2	卓	8	OYAJ	/	人
倭	10	吅	亻	2	委	8	OHDV	/	人
倮	11	吅	亻	2	果	9	OWD	/	人
倯	10	吅	亻	2	松	8	ODCI	/	人
倰	10	吅	亻	2	夌	8	OGCE	/	人
倱	10	吅	亻	2	昆	8	OAPP	/	人
倲	10	吅	亻	2	東	8	ODW	/	人
倳	10	吅	亻	2	事	8	OJLN	/	人
倴	10	吅	亻	2	奔	8	OKJT	/	人
倵	10	吅	亻	2	武	8	OMPM	/	人
倶	10	吅	亻	2	具	8	OBUC	/	人
倷	10	吅	亻	2	奈	8	OKMF	/	人
倸	10	吅	亻	2	采	8	OBD	/	人
倹	10	吅	亻	2	㑒	8	OOMO	/	人
债	10	吅	亻	2	责	8	OQMO	/	人
倻	11	吅	亻	2	耶	9	OSJL	/	人
值	10	吅	亻	2	直	8	OJBM	/	人
倽	10	吅	亻	2	舍	8	OOMR	/	人
倾	10	吅	亻	2	顷	8	OPMO	/	人
倿	10	吅	亻	2	妾	8	OYTV	/	人
偀	10	吅	亻	2	英	8	OTLK	/	人
偁	11	吅	亻	2	爯	9	OBGB	/	人
偂	11	吅	亻	2	前	9	OTBN	/	人
偃	11	吅	亻	2	匽	9	OSAV	/	人
偄	11	吅	亻	2	耎	9	OMBK	/	人
偅	11	吅	亻	2	重	9	OHJG	/	人
偆	11	吅	亻	2	春	9	OQKA	/	人
假	11	吅	亻	2	叚	9	ORSE	/	人
偈	11	吅	亻	2	曷	9	OAPV	/	人
偉	11	吅	亻	2	韋	9	ODMQ	/	人
偊	11	吅	亻	2	禹	9	OHLB	/	人
偋	11	吅	亻	2	屏	9	OSTT	/	人
偌	10	吅	亻	2	若	8	OTKR	/	人
偍	11	吅	亻	2	是	9	OAMO	/	人
偎	11	吅	亻	2	畏	9	OWMV	/	人
偏	11	吅	亻	2	扁	9	OISB	/	人
偐	11	吅	亻	2	彦	9	OYHH	/	人
偑	11	吅	亻	2	風	9	OHNI	/	人
偒	11	吅	亻	2	昜	9	OAMH	/	人
偓	11	吅	亻	2	屋	9	OSMG	/	人
偔	11	吅	亻	2	咢	9	ORRS	/	人
偕	11	吅	亻	2	皆	9	OPPA	/	人
偖	11	吅	亻	2	者	9	OJKA	/	人
偗	11	吅	亻	2	省	9	OFHU	/	人
偘	11	吅	亻	2	品	9	ORRR	/	人
偙	11	吅	亻	2	帝	9	OYBB	/	人
做	11	吅	亻	2	故	9	OJRK	/	人
偛	11	吅	亻	2	臿	9	OHJX	/	人
停	11	吅	亻	2	亭	9	OYRN	/	人
偝	11	吅	亻	2	背	9	OLPB	/	人
偞	10	吅	亻	2	枼	8	OPTD	/	人
偟	11	吅	亻	2	皇	9	OHAG	/	人
偠	11	吅	亻	2	要	9	OMWV	/	人
偡	11	吅	亻	2	甚	9	OTMV	/	人
偢	11	吅	亻	2	秋	9	OHDF	/	人
偣	11	吅	亻	2	音	9	OYTA	/	人
偤	11	吅	亻	2	酋	9	OTCW	/	人
健	11	吅	亻	2	建	9	ONKQ	/	人
偦	11	吅	亻	2	胥	9	ONOB	/	人
偧	11	吅	亻	2	奓	9	OKNN	/	人
偨	12	吅	亻	2	柴	10	OYPD	/	人
偩	11	吅	亻	2	負	9	ONBC	/	人
偪	11	吅	亻	2	畐	9	OMRW	/	人
偫	11	吅	亻	2	待	9	OHOI	/	人
偬	11	吅	亻	2	怱	9	OPKP	/	人
偭	11	吅	亻	2	面	9	OMWL	/	人
偮	11	吅	亻	2	咠	9	ORSJ	/	人
偯	11	吅	亻	2	哀	9	OYRV	/	人
偰	11	吅	亻	2	契	9	OQHK	/	人
偱	11	吅	亻	2	盾	9	OHJU	/	人
偲	11	吅	亻	2	思	9	OWP	/	人
偳	11	吅	亻	2	耑	9	OUMB	/	人
側	11	吅	亻	2	則	9	OBCN	/	人
偵	11	吅	亻	2	貞	9	OYBC	/	人
偶	11	吅	亻	2	禺	9	OWLB	/	人
偷	11	吅	亻	2	俞	9	OOMN	/	人
偸	11	吅	亻	2	兪	9	OOMV	/	人
偹	12	回	攸	7	田	5	OLHW	/	人
偺	11	吅	亻	2	昝	9	OHOA	/	人
偻	11	吅	亻	2	娄	9	OFDV	/	人
偼	11	吅	亻	2	疌 	9	OYSO	/*	人
偽	11	吅	亻	2	為	9	OIKF	/	人
偾	11	吅	亻	2	贲	9	OJTO	/	人
偿	11	吅	亻	2	尝	9	OFBI	/	人
傀	12	吅	亻	2	鬼	10	OHUI	/	人
傁	11	吅	亻	2	叟	9	OHXE	/	人
傂	12	吅	亻	2	虒	10	OHYU	/	人
傃	12	吅	亻	2	素	10	OQMF	/	人
傄	12	吅	亻	2	眘	10	OKCU	/	人
傅	12	吅	亻	2	尃	10	OIBI	/	人
傆	12	吅	亻	2	原	10	OMHF	/	人
傇	11	吅	亻	2	茸	9	OTSJ	/	人
傈	12	吅	亻	2	栗	10	OMWD	/	人
傉	12	吅	亻	2	辱	10	OMVI	/	人
傊	12	吅	亻	2	員	10	ORBC	/	人
傋	12	吅	亻	2	冓	10	OTTB	/	人
傌	12	吅	亻	2	馬	10	OSQF	/	人
傍	12	吅	亻	2	旁	10	OYBS	/	人
傎	12	吅	亻	2	真	10	OJBC	/	人
傏	12	吅	亻	2	唐	10	OILR	/	人
傐	12	吅	亻	2	高	10	OYRB	/	人
傑	12	吅	亻	2	桀	10	ONQD	/	人
傒	12	吅	亻	2	奚	10	OBVK	/	人
傓	12	吅	亻	2	扇	10	OHSM	/	人
傔	12	吅	亻	2	兼	10	OTXC	/	人
傕	12	吅	亻	2	隺	10	OOBG	/	人
傖	12	吅	亻	2	倉	10	OOIR	/	人
傗	12	吅	亻	2	畜	10	OYVW	/	人
傘	12	吕	人	2	仌十仌	10	OOOJ	/?	人
備	12	吅	亻	2	萹?	10	OTHB	/?	人
傚	12	吅	亻	2	效	10	OYKK	/	人
傛	12	吅	亻	2	容	10	OJCR	/	人
傜	12	吅	亻	2	䍃	10	OBOU	/?	人
傝	12	吅	亻	2	𦐇	10	OASM	/	人
傞	12	吅	亻	2	差	10	OTQM	/	人
傟	12	吅	亻	2	翁	10	OCIM	/	人
傠	12	吅	亻	2	討	10	OYRI	/	人
傡	12	吅	亻	2	竝	10	OYTT	/	人
傢	12	吅	亻	2	家	10	OJMO	/	人
傣	12	吅	亻	2	泰	10	OQKE	/	人
傤	12	吅	亻	2	载	10	OJIQ	/	人
傥	12	吅	亻	2	党	10	OFBU	/	人
傦	12	吅	亻	2	骨	10	OBBB	/	人
傧	12	吅	亻	2	宾	10	OJOC	/	人
储	12	吅	亻	2	诸	10	OIVA	/	人
傩	12	吅	亻	2	难	10	OEOG	/	人
傪	13	吅	亻	2	參	11	OIIH	/	人
傫	13	吅	亻	2	累	11	OWVF	/	人
催	13	吅	亻	2	崔	11	OUOG	/	人
傭	13	吅	亻	2	庸	11	OILB	/	人
傮	13	吅	亻	2	曹	11	OTWA	/	人
傯	13	吅	亻	2	悤	11	OHWP	/	人
傰	13	吅	亻	2	崩	11	OUBB	/	人
傱	13	吅	亻	2	從	11	OHOO	/	人
傲	13	吅	亻	2	敖	11	OQSK	/	人
傳	13	吅	亻	2	專	11	OJII	/	人
傴	13	吅	亻	2	區	11	OSRR	/	人
債	13	吅	亻	2	責	11	OQMC	/	人
傶	13	吅	亻	2	戚	11	OIHF	/	人
傷	13	吅	亻	2	𥏫*	11	OOAH	/?	人
傸	13	吅	亻	2	爽	11	OKKK	/	人
傹	13	吅	亻	2	竟	11	OYTU	/	人
傺	13	吅	亻	2	祭	11	OBOF	/	人
傻	13	吅	亻	2	<夓	11	OHCE	/?	人
傼	13	吅	亻	2	𦰩	11	OTLO	/	人
傽	13	吅	亻	2	章	11	OYTJ	/	人
傾	13	吅	亻	2	頃	11	OPMC	/	人
傿	13	吅	亻	2	焉	11	OMYF	/	人
僀	13	吅	亻	2	帶	11	OKPB	/	人
僁	13	吅	亻	2	悉	11	OHDP	/	人
僂	13	吅	亻	2	婁	11	OLLV	/	人
僃	13	吅	亻	2	䓒	11	OTPB	/	人
僄	13	吅	亻	2	票	11	OMWF	/	人
僅	13	吅	亻	2	堇	11	OTLM	/	人
僆	12	吅	亻	2	連	10	OYJJ	/	人
僇	13	吅	亻	2	翏	11	OSMH	/	人
僈	13	吅	亻	2	曼	11	OAWE	/	人
僉	13	吕	亼	3	兄兄	10	OMRO	/?	人
僊	13	吅	亻	2	䙴	11	OMWU	/	人
僋	13	吅	亻	2	貪	11	OOIC	/	人
僌	13	吅	俥	9	攵	4	OJJK	/	人
働	13	吅	亻	2	動	11	OHGS	/	人
僎	14	吅	亻	2	巽	12	ORUC	/	人
像	14	吅	亻	2	象	12	ONAO	/	人
僐	14	吅	亻	2	善	12	OTGR	/	人
僑	14	吅	亻	2	喬	12	OHKB	/	人
僒	14	吅	亻	2	窘	12	OJCR	/	人
僓	14	吅	亻	2	貴	12	OLMC	/	人
僔	14	吅	亻	2	尊	12	OTWI	/	人
僕	14	吅	亻	2	菐	12	OTCO	/	人
僖	14	吅	亻	2	喜	12	OGRR	/	人
僗	14	吅	亻	2	勞	12	OFFS	/	人
僘	14	吅	亻	2	敞	12	OFBK	/	人
僙	13	吅	亻	2	黄	11	OTLC	/	人
僚	14	吅	亻	2	尞	12	OKCF	/	人
僛	14	吅	亻	2	欺	12	OTCO	/	人
僜	14	吅	亻	2	登	12	ONOT	/	人
僝	14	吅	亻	2	孱	12	OSND	/	人
僞	14	吅	亻	2	爲	12	OBHF	/	人
僟	14	吅	亻	2	幾	12	OVII	/	人
僠	14	吅	亻	2	番	12	OHDW	/	人
僡	14	吅	亻	2	惠	12	OJIP	/	人
僢	14	吅	亻	2	舜	12	OBBQ	/	人
僣	14	吅	亻	2	替	12	OQOA	/	人
僤	14	吅	亻	2	單	12	ORRJ	/	人
僥	14	吅	亻	2	堯	12	OGGU	/	人
僦	14	吅	亻	2	就	12	OYFU	/	人
僧	13	吅	亻	2	曽	11	OCWA	/	人
僨	14	吅	亻	2	賁	12	OJTC	/	人
僩	14	吅	亻	2	閒	12	OANB	/	人
僪	14	吅	亻	2	矞	12	ONHB	/	人
僫	14	吅	亻	2	惡	12	OMMP	/	人
僬	14	吅	亻	2	焦	12	OOGF	/	人
僭	14	吅	亻	2	朁	12	OMUA	/	人
僮	15	吅	亻	2	童	13	OYTG	/	人
僯	14	吅	亻	2	粦	12	OFDQ	/	人
僰	14	咒	朿	6	人	2	DBO	/	人
僱	14	吅	亻	2	雇	12	OHSG	/	人
僲	15	吅	亻	2	覀舛	13	OMWQ	/?	人
僳	14	吅	亻	2	粟	12	OMWD	/	人
僴	14	吅	亻	2	間	12	OANA	/	人
僵	15	吅	亻	2	畺	13	OMWM	/	人
僶	15	吅	亻	2	黽	13	ORXU	/	人
僷	13	吅	亻	2	葉	11	OTPD	/	人
僸	15	吅	亻	2	禁	13	ODDF	/	人
價	15	吅	亻	2	賈	13	OMWC	/	人
僺	15	吅	亻	2	喿	13	ORRD	/	人
僻	15	吅	亻	2	辟	13	OSRJ	/	人
僼	15	吅	亻	2	豊	13	OTWT	/	人
僽	15	吅	亻	2	愁	13	OHFP	/	人
僾	15	吅	亻	2	愛	13	OBBE	/	人
僿	15	吅	亻	2	塞	13	OJTG	/	人
儀	15	吅	亻	2	義	13	OTGI	/	人
儁	15	吅	亻	2	雋	13	OOGS	/	人
儂	15	吅	亻	2	農	13	OTWV	/	人
儃	15	吅	亻	2	亶	13	OYWM	/	人
億	15	吅	亻	2	意	13	OYTP	/	人
儅	15	吅	亻	2	當	13	OFBW	/	人
儆	14	吅	亻	2	敬	12	OTRK	/	人
儇	15	吅	亻	2	睘	13	OWLV	/	人
儈	15	吅	亻	2	會	13	OOMA	/	人
儉	15	吅	亻	2	僉	13	OOMO	/	人
儊	15	吅	亻	2	楚	13	ODDO	/	人
儋	15	吅	亻	2	詹	13	ONCR	/	人
儌	15	吅	亻	2	敫	13	OHSK	/	人
儍	15	吅	亻	2	凵?八夊	13	OUCE	/?	人
儎	15	吅	亻	2	載	13	OJIJ	/	人
儏	15	吅	亻	2	粲	13	OYED	/	人
儐	16	吅	亻	2	賓	14	OJMC	/	人
儑	16	吅	亻	2	㬎	14	OAVF	/	人
儒	16	吅	亻	2	需	14	OMBB	/	人
儓	16	吅	亻	2	臺	14	OGRG	/	人
儔	16	吅	亻	2	壽	14	OGNI	/	人
儕	16	吅	亻	2	齊	14	OYX	/	人
儖	16	吅	亻	2	監	14	OSIT	/	人
儗	16	吅	亻	2	疑	14	OPKO	/	人
儘	16	吅	亻	2	盡	14	OLMT	/	人
儙	15	吅	亻	2	遣	13	OYLR	/	人
儚	16	吅	亻	2	夢	14	OTWN	/	人
儛	16	吅	亻	2	舞	14	OOTQ	/	人
儜	15	吅	亻	2	寧	13	OJPN	/	人
儝	16	吅	亻	2	榮	14	OFFD	/	人
儞	16	吅	亻	2	爾	14	OMFB	/	人
償	17	吅	亻	2	賞	15	OFBC	/	人
儠	17	吅	亻	2	巤	15	OVVV	/	人
儡	17	吅	亻	2	畾	15	OWWW	/	人
儢	17	吅	亻	2	慮	15	OYPP	/	人
儣	16	吅	亻	2	廣	14	OITC	/	人
儤	17	吅	亻	2	暴	15	OATE	/	人
儥	17	吅	亻	2	賣	15	OGWC	/	人
儦	17	吅	亻	2	麃	15	OIPF	/	人
儧	17	吅	亻	2	賛	15	OQOC	/	人
儨	17	吅	亻	2	質	15	OHLC	/	人
儩	17	吅	亻	2	賜	15	OBCH	/	人
優	17	吅	亻	2	憂	15	OMBE	/	人
儫	16	吅	亻	2	豪	14	OYRO	/	人
儬	17	吅	亻	2	靚	15	OQBU	/	人
儭	18	吅	亻	2	親	16	OYDU	/	人
儮	18	吅	亻	2	歷	16	OMHM	/	人
儯	18	吅	亻	2	駦	16	OFQF	/	人
儰	14	吅	亻	2	蒍	12	OTBF	/	人
儱	18	吅	亻	2	龍	16	OYBP	/	人
儲	17	吅	亻	2	諸	15	OYRA	/	人
儳	19	吅	亻	2	毚	17	ONRI	/	人
儴	19	吅	亻	2	襄	17	OYRV	/	人
儵	19	回	攸	7	黑	12	OLOF	?/	人
儶	20	吅	亻	2	巂	18	OUOB	/	人
儷	21	吅	亻	2	麗	19	OMMP	/	人
儸	21	吅	亻	2	羅	19	OWLG	/	人
儹	21	吅	亻	2	贊	19	OHUC	/	人
儺	21	吅	亻	2	難	19	OTOG	/	人
儻	22	吅	亻	2	黨	20	OFBF	/	人
儼	22	吅	亻	2	嚴	20	ORRK	/	人
儽	23	吅	亻	2	纍	21	OWWF	/	人
儾	24	吅	亻	2	囊	22	OJBV	/	人
儿	2	一	儿	2	*	0	LU	/	*
兀	3	吕	一	1	儿	2	MU	/	儿
允	4	吕	厶	2	儿	2	IHU	/	儿
兂	5	一	兂	5	*	0	QHU	/	儿
元	4	吕	一	1	兀	3	MMU	/	儿
兄	5	吕	口	3	儿	2	RHU	/	儿
充	6	吕	亠	2	允	4	YIHU	/	儿
兆	6	一	兆	6	*	0	LMUO	/	儿
兇	6	吕	凶	4	儿	2	UKHU	/	儿
先	6	吕	牛	4	儿	2	HGHU	/	儿
光	6	吕	⺌	3	兀	3	FMU	/	儿
兊	6	吕	八	2	允	4	OPIHU	/	儿
克	7	吕	古	5	儿	2	JRHU	/	儿
兌	7	吕	八	2	兄	5	CRHU	/	儿
免	7	一	免	7	*	0	NAHU	/	儿
兎	7	+	丿	1	7儿	6	HLAI	?/?	儿
兏	7	吕	厂	2	上儿	5	MYMU	/	儿
児	7	吕	旧	5	儿	2	LAHU	/	儿
兑	7	吕	丷	2	兄	5	CRHU	/	儿
兒	8	吕	臼	6	儿	2	HXHU	/	儿
兓	8	吅	旡	4	*	4	MUMVU	/	儿
兔	8	+	免	7	丶	1	NAHI	/	儿
兕	8	吕	凹	6	儿	2	SSUU	/	儿
兖	8	吕	六	4	允	4	YCIHU	/	儿
兗	9	吕	六	4	兄	5	YCRHU	/	儿
兘	9	吅	元	4	台	5	MUIR	/	儿
兙	9	吅	克	7	十	2	JUJ	/	儿
党	10	冖	小	3	兄	5	FBRHU	/	儿
兛	10	吅	克	7	千	3	JUHJ	/	儿
兜	11	吕	?	9	儿	2	HVHU	?/	儿
兝	11	吅	克	7	分	4	JUCSH	/	儿
兞	11	吅	克	7	毛	4	JUHQU	/	儿
兟	12	吅	先	6	*	6	HUHGU	/	儿
兠	12	吕	北白	10	儿	2	LMMU	?/	儿
兡	13	吅	克	7	百	6	JUMA	/	儿
兢	14	吅	克	7	*	7	JUJRU	/	儿
兣	17	吅	克	7	厘	10	JUMWG	/	儿
兤	20	吅	光	6	廣	14	FUITC	/	儿
入	2	一	入	2	*	0	OH	/	*
兦	3	吅	𠃊	1	入	2	OV	?/	入
內	4	+	冂	2	入	2	OB	/	入
全	6	吕	入	2	王	4	OMG	/	入
兩	8	+	帀	4	𠓜	4	MLBO	/	入
兪	9	吕	亼	3	舟巜	6	OMBV	/?	入
八	2	一	八	2	*	0	HO	/	*
公	4	吕	八	2	厶	2	CI	/	八
六	4	吕	亠	2	八	2	YC	/	八
兮	4	吕	八	2	丂	2	CMVS	/	八
兯	4	吕	丷	2	卩	2	CSL	/	八
兰	5	吕	丷	2	三	3	TMM	/	八
共	6	吕	廿	4	廾	2	TC	*/*	八
兲	6	吕	王	4	八	2	MGC	/	八
关	6	吕	丷	2	天	4	TK	/	八
兴	6	一	兴	6	*	0	FMC	/	八
兵	7	吕	丘	5	八	2	OMC	/	八
其	8	一	其	8	*	0	TMMC	/	八
具	8	+	貝	7	一	1	BMMC	/	八
典	8	一	典	8	*	0	TBC	/	八
兹	9	吕	䒑	3	𢆶	6	TVII	/	八
兺	9	吕	分	4	叱	5	CSHP	/	八
养	9	+	𦍌	6	介	4	TOLL	*/*	八
兼	10	一	兼	10	*	0	TXC	/	八
兽	11	吕	八田	7	𠮛	4	CWMR	?/	八
兾	13	吕	丷	2	異	11	CWTC	/	八
兿	13	吕	丷一	3	执云	10	TQII	?/?	八
冀	16	吕	北	5	異	11	LPWTC	/	八
冁	18	吅	单	8	展	10	CJSTV	/	八
冂	2	一	冂	2	*	0	LS	/	*
冃	4	回	冂	2	二	2	BMM	/	冂
冄	4	+	冂	2	二	2	BMM	/	冂
内	4	+	冂	2	人	2	OB	/	冂
円	4	回	冂	2	丄	2	BLM	/	冂
冇	4	吕	𠂇	2	冂	2	KB	/	冂
冈	4	回	冂	2	乂	2	BK	/	冂
冉	5	+	冂	2	土	3	GB	/	冂
冊	5	+	冂	2	廾	3	BT	/*	冂
冋	5	回	冂	2	囗	3	BR	/	冂
册	5	一	册	5	*	0	BBM	/	冂
再	6	吕	一	1	冉	5	MGB	/	冂
冎	6	一	冎	6	*	0	BNB	/	冂
冏	7	吕	冂	2	㕣	5	BCR	/	冂
冐	8	吕	冃	4	月	4	AB	/	冂
冑	9	吕	由	5	冃	4	LWB	/	冂
冒	9	吕	冃	4	目	5	ABU	/	冂
冓	10	吕	井	4	再	6	TTGB	/	冂
冔	10	吕	冃	4	吁	6	ARMD	/	冂
冕	11	吕	冃	4	免	7	ANAU	/	冂
冖	2	一	冖	2	*	0	LN	/	*
冗	4	吕	冖	2	几	2	BHN	/	冖
冘	4	+	冖	2	儿	2	LBU	/*	冖
写	6	吕	冖	2	与	4	BYSM	/	冖
冚	5	吕	冖	2	山	3	BU	/	冖
军	6	吕	冖	2	车	4	BKQ	/	冖
农	6	一	农	6	*	0	HBV	/	冖
冝	7	吕	冖	2	且	5	BBM	/	冖
冞	8	吕	冖	2	米	6	BFD	/	冖
冟	9	吕	冖	2	皀	7	BHAP	/	冖
冠	9	吕	冖	2	㝴	7	BMUI	/	冖
冡	10	吕	冃	4	𧰨	6	BMMO	*/	冖
冢	10	吕	冖	2	豖	8	BMSO	/	冖
冣	10	吕	冖	2	取	8	BSJE	/	冖
冤	10	吕	冖	2	兔	8	BNAI	/	冖
冥	10	吕	冖	2	昗	8	BAYC	/	冖
冦	10	吕	冖	2	元攴	8	BMUE	/?	冖
冧	10	吕	冖	2	林	8	BDD	/	冖
冨	11	吕	冖	2	畐	9	BMRW	/	冖
冩	14	吕	冖	2	舄	12	BHXF	/	冖
冪	15	吕	冖	2	幕	13	BTAB	/	冖
冫	2	一	冫	2	*	0	IM	/	*
冬	5	吕	夂	3	冫	2	HEY	/	冫
冭	5	吕	大	3	冫	2	KY	/	冫
冮	5	吅	冫	2	工	3	IMM	/	冫
冯	5	吅	冫	2	马	3	IMNVM	/	冫
冰	6	吅	冫	2	水	4	IME	/	冫
冱	6	吅	冫	2	互	4	IMMVM	/	冫
冲	6	吅	冫	2	中	4	IML	/	冫
决	6	吅	冫	2	夬	4	IMDK	/	冫
冴	6	吅	冫	2	牙	4	IMMVH	/	冫
况	7	吅	冫	2	兄	5	IMRHU	/	冫
冶	7	吅	冫	2	台	5	IMIR	/	冫
冷	7	吅	冫	2	令	5	IMOII	/	冫
冸	7	吅	冫	2	半	5	IMFQ	/	冫
冹	7	吅	冫	2	犮	5	IMIKE	/	冫
冺	7	吅	冫	2	民	5	IMRVP	/	冫
冻	7	吅	冫	2	东	5	IMKD	/	冫
冼	8	吅	冫	2	先	6	IMHGU	/	冫
冽	8	吅	冫	2	列	6	IMMNN	/	冫
冾	8	吅	冫	2	合	6	IMOMR	/	冫
冿	8	吅	冫	2	聿	6	IMLQ	/	冫
净	8	吅	冫	2	争	6	IMNSD	/	冫
凁	9	吅	冫	2	束	7	IMDL	/	冫
凂	9	吅	冫	2	免	7	IMNAU	/	冫
凃	9	吅	冫	2	余	7	IMOMD	/	冫
凄	10	吅	冫	2	妻	8	IMJLV	/	冫
凅	10	吅	冫	2	固	8	IMWJR	/	冫
准	10	吅	冫	2	隹	8	IMOG	/	冫
凇	10	吅	冫	2	松	8	IMDCI	/	冫
凈	10	吅	冫	2	爭	8	IMBSD	/	冫
凉	10	吅	冫	2	京	8	IMYRF	/	冫
凊	10	吅	冫	2	青	8	IMQMB	/	冫
凋	10	吅	冫	2	周	8	IMBGR	/	冫
凌	10	吅	冫	2	夌	8	IMGCE	/	冫
凍	10	吅	冫	2	東	8	IMDW	/	冫
凎	10	吅	冫	2	金	8	IMC	/	冫
减	11	吅	冫	2	咸	9	IMIHR	/	冫
凐	11	吅	冫	2	垔	9	IMMWG	/	冫
凑	11	吅	冫	2	奏	9	IMQKK	/	冫
凒	12	吅	冫	2	豈	10	IMUMT	/	冫
凓	12	吅	冫	2	栗	10	IMMWD	/	冫
凔	12	吅	冫	2	倉	10	IMOIR	/	冫
凕	12	吅	冫	2	冥	10	IMBAC	/	冫
凖	12	吅	准	10	十	2	IGJ	/	冫
凗	13	吅	冫	2	崔	11	IMUOG	/	冫
凘	14	吅	冫	2	斯	12	IMTCL	/	冫
凙	15	吅	冫	2	睪	13	IMWLJ	/	冫
凚	15	吅	冫	2	禁	13	IMDDF	/	冫
凛	15	吅	冫	2	禀	13	IMYWF	/	冫
凜	15	吅	冫	2	稟	13	IMYWD	/	冫
凝	16	吅	冫	2	疑	14	IMPKO	/	冫
凞	16	吅	冫	2	熈	14	IMLSF	/	冫
凟	17	吅	冫	2	賣	15	IMGWC	/	冫
几	2	一	几	2	*	0	HN	/	*
凡	3	回	几	2	丶	1	HNI	/	几
凢	3	吕	丿	1	几	2	HHN	/	几
凣	3	+	几	2	丶	1	LHN	/	几
凤	4	回	几	2	又	2	HNE	/	几
凥	5	吕	尸	3	几	2	SHN	/	几
処	5	吅	夂	3	几	2	HEHN	/	几
凧	5	回	几	2	巾	3	HNLB	/	几
